Year_Month,Warehouse_Code,Tasks_Assigned,Tasks_Completed,Avg_Assigned_Qty,Total_Movements,Inward_Movements,Outward_Movements,Total_Quantity_Moved,Mismatch_Count,Discrepancy_Count,Total_Variance,Validations_Done,Validation_Failures,Task_Completion_Rate_%,Mismatch_Rate_%,Validation_Failure_Rate_%
2021-01,WH_BLR_01,319,273,20.605015673981192,437,216,221,8580,47,58,-61,407,86,85.58,10.76,21.13
2021-01,WH_CHN_01,350,294,20.985714285714284,408,193,215,7756,42,52,-41,407,86,84.0,10.29,21.13
2021-01,WH_DEL_01,350,306,20.46857142857143,451,232,219,8565,44,56,-35,407,86,87.43,9.76,21.13
2021-01,WH_MUM_01,354,298,20.629943502824858,410,193,217,8087,34,46,-32,407,86,84.18,8.29,21.13
2021-01,WH_NAG_01,364,308,19.164835164835164,429,213,216,8417,41,53,19,407,86,84.62,9.56,21.13
2021-01,WH_PUN_01,379,329,20.15831134564644,430,195,235,7854,35,50,-53,407,86,86.81,8.14,21.13
2021-02,WH_BLR_01,288,251,20.038194444444443,380,189,191,7458,38,51,-7,400,91,87.15,10.0,22.75
2021-02,WH_CHN_01,306,261,19.99019607843137,369,157,212,7548,38,49,-18,400,91,85.29,10.3,22.75
2021-02,WH_DEL_01,335,282,20.155223880597013,340,177,163,6623,29,41,4,400,91,84.18,8.53,22.75
2021-02,WH_MUM_01,339,282,20.430678466076696,359,168,191,6852,36,46,-47,400,91,83.19,10.03,22.75
2021-02,WH_NAG_01,349,293,19.63323782234957,376,174,202,7630,39,44,17,400,91,83.95,10.37,22.75
2021-02,WH_PUN_01,333,273,20.2012012012012,352,168,184,7014,44,54,-40,400,91,81.98,12.5,22.75
2021-03,WH_BLR_01,367,311,19.86376021798365,432,208,224,8593,40,48,-26,467,99,84.74,9.26,21.2
2021-03,WH_CHN_01,369,320,20.279132791327914,395,180,215,7742,36,46,-32,467,99,86.72,9.11,21.2
2021-03,WH_DEL_01,355,292,19.876056338028167,395,186,209,7483,41,53,30,467,99,82.25,10.38,21.2
2021-03,WH_MUM_01,405,343,20.31851851851852,400,199,201,7988,41,55,26,467,99,84.69,10.25,21.2
2021-03,WH_NAG_01,354,300,19.833333333333332,409,201,208,7551,46,51,11,467,99,84.75,11.25,21.2
2021-03,WH_PUN_01,317,257,20.08832807570978,405,201,204,8134,28,38,25,467,99,81.07,6.91,21.2
2021-04,WH_BLR_01,362,302,19.403314917127073,402,186,216,8016,49,60,-3,476,104,83.43,12.19,21.85
2021-04,WH_CHN_01,334,282,20.637724550898202,413,200,213,8321,39,48,4,476,104,84.43,9.44,21.85
2021-04,WH_DEL_01,369,300,20.615176151761517,409,193,216,7890,48,59,-38,476,104,81.3,11.74,21.85
2021-04,WH_MUM_01,342,285,19.330409356725145,397,193,204,7983,44,60,-23,476,104,83.33,11.08,21.85
2021-04,WH_NAG_01,315,272,20.593650793650795,439,217,222,8823,45,59,-7,476,104,86.35,10.25,21.85
2021-04,WH_PUN_01,375,328,19.626666666666665,410,192,218,7934,41,51,-2,476,104,87.47,10.0,21.85
2021-05,WH_BLR_01,374,308,20.628342245989305,439,221,218,8693,39,54,-15,439,96,82.35,8.88,21.87
2021-05,WH_CHN_01,365,317,19.734246575342464,394,201,193,7754,39,54,-8,439,96,86.85,9.9,21.87
2021-05,WH_DEL_01,319,275,20.184952978056426,422,199,223,8791,45,59,-49,439,96,86.21,10.66,21.87
2021-05,WH_MUM_01,354,297,19.73446327683616,419,196,223,7862,32,47,12,439,96,83.9,7.64,21.87
2021-05,WH_NAG_01,346,298,19.404624277456648,425,207,218,8235,44,49,-37,439,96,86.13,10.35,21.87
2021-05,WH_PUN_01,347,299,20.365994236311238,396,194,202,7874,46,53,-40,439,96,86.17,11.62,21.87
2021-06,WH_BLR_01,366,309,19.385245901639344,419,205,214,7993,44,57,3,422,90,84.43,10.5,21.33
2021-06,WH_CHN_01,343,288,20.574344023323615,425,200,225,8577,46,59,8,422,90,83.97,10.82,21.33
2021-06,WH_DEL_01,352,298,19.806818181818183,425,192,233,8506,64,78,-21,422,90,84.66,15.06,21.33
2021-06,WH_MUM_01,333,275,20.34834834834835,432,200,232,8409,45,58,-66,422,90,82.58,10.42,21.33
2021-06,WH_NAG_01,317,269,18.95583596214511,432,232,200,8369,43,52,15,422,90,84.86,9.95,21.33
2021-06,WH_PUN_01,318,269,20.729559748427672,373,176,197,7154,33,44,-21,422,90,84.59,8.85,21.33
2021-07,WH_BLR_01,370,312,20.035135135135135,416,216,200,8277,43,57,-69,375,89,84.32,10.34,23.73
2021-07,WH_CHN_01,339,282,19.831858407079647,426,206,220,8434,40,57,4,375,89,83.19,9.39,23.73
2021-07,WH_DEL_01,352,313,19.664772727272727,446,214,232,8384,52,73,18,375,89,88.92,11.66,23.73
2021-07,WH_MUM_01,351,295,20.293447293447294,418,207,211,8254,36,45,-7,375,89,84.05,8.61,23.73
2021-07,WH_NAG_01,372,320,19.446236559139784,425,209,216,8429,39,50,0,375,89,86.02,9.18,23.73
2021-07,WH_PUN_01,360,307,19.40277777777778,482,219,263,9386,53,65,-37,375,89,85.28,11.0,23.73
2021-08,WH_BLR_01,325,265,20.895384615384614,408,201,207,8178,41,58,-70,449,89,81.54,10.05,19.82
2021-08,WH_CHN_01,325,278,19.92,444,208,236,8927,51,63,-54,449,89,85.54,11.49,19.82
2021-08,WH_DEL_01,351,296,19.974358974358974,423,205,218,8559,57,66,2,449,89,84.33,13.48,19.82
2021-08,WH_MUM_01,355,289,19.994366197183098,430,200,230,8367,39,51,-35,449,89,81.41,9.07,19.82
2021-08,WH_NAG_01,366,321,20.21311475409836,447,212,235,8884,44,55,10,449,89,87.7,9.84,19.82
2021-08,WH_PUN_01,355,296,20.27323943661972,440,207,233,9126,64,78,-85,449,89,83.38,14.55,19.82
2021-09,WH_BLR_01,365,312,20.202739726027396,390,201,189,7643,49,59,46,450,91,85.48,12.56,20.22
2021-09,WH_CHN_01,348,299,21.39367816091954,404,200,204,7997,36,49,-70,450,91,85.92,8.91,20.22
2021-09,WH_DEL_01,329,286,19.428571428571427,423,205,218,8438,45,55,-54,450,91,86.93,10.64,20.22
2021-09,WH_MUM_01,328,271,19.759146341463413,437,208,229,8534,39,45,9,450,91,82.62,8.92,20.22
2021-09,WH_NAG_01,357,311,19.70028011204482,414,211,203,8283,36,47,-88,450,91,87.11,8.7,20.22
2021-09,WH_PUN_01,318,273,20.50314465408805,386,181,205,7466,37,45,-16,450,91,85.85,9.59,20.22
2021-10,WH_BLR_01,318,270,19.757861635220127,445,198,247,8318,47,63,-54,417,92,84.91,10.56,22.06
2021-10,WH_CHN_01,367,316,20.087193460490465,439,190,249,8603,44,52,-75,417,92,86.1,10.02,22.06
2021-10,WH_DEL_01,370,314,20.124324324324323,420,193,227,8069,43,53,-41,417,92,84.86,10.24,22.06
2021-10,WH_MUM_01,327,276,21.027522935779817,449,212,237,9042,46,53,-34,417,92,84.4,10.24,22.06
2021-10,WH_NAG_01,363,316,20.77961432506887,449,228,221,8955,47,65,19,417,92,87.05,10.47,22.06
2021-10,WH_PUN_01,387,334,19.813953488372093,417,209,208,8208,38,50,-1,417,92,86.3,9.11,22.06
2021-11,WH_BLR_01,372,316,20.274193548387096,425,216,209,8274,49,61,18,440,102,84.95,11.53,23.18
2021-11,WH_CHN_01,337,287,21.083086053412462,444,219,225,8976,52,67,-22,440,102,85.16,11.71,23.18
2021-11,WH_DEL_01,334,282,20.736526946107784,392,189,203,7574,43,52,-28,440,102,84.43,10.97,23.18
2021-11,WH_MUM_01,357,311,19.862745098039216,411,201,210,8078,37,45,-34,440,102,87.11,9.0,23.18
2021-11,WH_NAG_01,328,276,19.48780487804878,391,184,207,7555,43,55,52,440,102,84.15,11.0,23.18
2021-11,WH_PUN_01,328,271,20.158536585365855,428,212,216,8210,31,44,-20,440,102,82.62,7.24,23.18
2021-12,WH_BLR_01,342,293,19.77485380116959,454,233,221,9008,38,52,-3,441,87,85.67,8.37,19.73
2021-12,WH_CHN_01,354,300,20.519774011299436,388,179,209,7965,45,51,-24,441,87,84.75,11.6,19.73
2021-12,WH_DEL_01,380,317,19.192105263157895,420,218,202,8437,49,69,-35,441,87,83.42,11.67,19.73
2021-12,WH_MUM_01,391,337,19.797953964194374,449,212,237,9127,45,58,25,441,87,86.19,10.02,19.73
2021-12,WH_NAG_01,364,317,20.557692307692307,423,207,216,7903,43,51,-30,441,87,87.09,10.17,19.73
2021-12,WH_PUN_01,334,299,19.634730538922156,415,210,205,8186,38,43,-28,441,87,89.52,9.16,19.73
2022-01,WH_BLR_01,347,288,20.155619596541786,485,236,249,9729,58,68,-68,411,95,83.0,11.96,23.11
2022-01,WH_CHN_01,366,302,19.639344262295083,455,220,235,8798,46,66,-71,411,95,82.51,10.11,23.11
2022-01,WH_DEL_01,340,300,20.81764705882353,445,210,235,8862,45,58,3,411,95,88.24,10.11,23.11
2022-01,WH_MUM_01,359,306,20.161559888579387,437,213,224,8620,52,61,-31,411,95,85.24,11.9,23.11
2022-01,WH_NAG_01,381,332,19.68503937007874,419,201,218,8156,46,54,-57,411,95,87.14,10.98,23.11
2022-01,WH_PUN_01,344,289,20.433139534883722,417,188,229,8392,36,48,-5,411,95,84.01,8.63,23.11
2022-02,WH_BLR_01,332,286,19.602409638554217,417,217,200,7876,41,49,22,402,90,86.14,9.83,22.39
2022-02,WH_CHN_01,301,265,21.159468438538205,407,199,208,8190,42,55,-110,402,90,88.04,10.32,22.39
2022-02,WH_DEL_01,328,279,21.149390243902438,391,187,204,7368,40,49,8,402,90,85.06,10.23,22.39
2022-02,WH_MUM_01,328,273,21.3140243902439,390,187,203,7865,43,53,1,402,90,83.23,11.03,22.39
2022-02,WH_NAG_01,335,272,19.2,375,180,195,7290,44,57,-79,402,90,81.19,11.73,22.39
2022-02,WH_PUN_01,324,269,20.700617283950617,413,204,209,7939,40,56,16,402,90,83.02,9.69,22.39
2022-03,WH_BLR_01,321,267,18.850467289719628,427,212,215,8603,39,50,-42,432,93,83.18,9.13,21.53
2022-03,WH_CHN_01,344,305,20.61918604651163,462,231,231,9050,45,61,-25,432,93,88.66,9.74,21.53
2022-03,WH_DEL_01,336,263,19.955357142857142,387,190,197,7683,38,47,-12,432,93,78.27,9.82,21.53
2022-03,WH_MUM_01,368,315,19.47554347826087,457,225,232,8920,45,63,31,432,93,85.6,9.85,21.53
2022-03,WH_NAG_01,359,305,20.153203342618383,430,228,202,8449,41,57,-25,432,93,84.96,9.53,21.53
2022-03,WH_PUN_01,354,280,20.23728813559322,454,203,251,8830,55,71,-66,432,93,79.1,12.11,21.53
2022-04,WH_BLR_01,331,275,19.6012084592145,398,177,221,7554,31,40,31,414,91,83.08,7.79,21.98
2022-04,WH_CHN_01,347,305,20.363112391930837,390,196,194,7375,48,56,11,414,91,87.9,12.31,21.98
2022-04,WH_DEL_01,337,292,19.706231454005934,416,203,213,8025,43,51,-42,414,91,86.65,10.34,21.98
2022-04,WH_MUM_01,351,307,20.63817663817664,418,220,198,8201,47,53,-133,414,91,87.46,11.24,21.98
2022-04,WH_NAG_01,341,286,20.041055718475075,384,194,190,7264,36,46,-82,414,91,83.87,9.38,21.98
2022-04,WH_PUN_01,324,264,20.46604938271605,366,181,185,7270,38,48,16,414,91,81.48,10.38,21.98
2022-05,WH_BLR_01,374,320,19.267379679144383,446,207,239,8652,43,58,-40,426,85,85.56,9.64,19.95
2022-05,WH_CHN_01,342,287,20.529239766081872,452,227,225,9147,47,57,-60,426,85,83.92,10.4,19.95
2022-05,WH_DEL_01,360,310,20.82777777777778,438,199,239,8413,40,53,-18,426,85,86.11,9.13,19.95
2022-05,WH_MUM_01,353,305,20.10481586402266,411,189,222,7934,38,54,14,426,85,86.4,9.25,19.95
2022-05,WH_NAG_01,358,319,19.88826815642458,441,220,221,8424,47,61,-1,426,85,89.11,10.66,19.95
2022-05,WH_PUN_01,351,310,20.062678062678064,401,181,220,7886,34,47,12,426,85,88.32,8.48,19.95
2022-06,WH_BLR_01,354,298,19.7909604519774,393,182,211,7693,44,57,2,456,93,84.18,11.2,20.39
2022-06,WH_CHN_01,354,312,19.661016949152543,389,199,190,7793,33,40,50,456,93,88.14,8.48,20.39
2022-06,WH_DEL_01,373,314,20.024128686327078,416,206,210,8274,47,61,-39,456,93,84.18,11.3,20.39
2022-06,WH_MUM_01,346,304,20.190751445086704,401,188,213,7863,42,51,14,456,93,87.86,10.47,20.39
2022-06,WH_NAG_01,333,271,19.52852852852853,439,215,224,8685,49,59,63,456,93,81.38,11.16,20.39
2022-06,WH_PUN_01,328,287,19.576219512195124,390,180,210,8119,36,49,-45,456,93,87.5,9.23,20.39
2022-07,WH_BLR_01,349,299,20.29512893982808,432,213,219,8470,44,53,53,431,101,85.67,10.19,23.43
2022-07,WH_CHN_01,347,284,19.697406340057636,433,204,229,8882,42,53,-6,431,101,81.84,9.7,23.43
2022-07,WH_DEL_01,348,306,19.655172413793103,412,178,234,7764,36,48,-87,431,101,87.93,8.74,23.43
2022-07,WH_MUM_01,347,307,20.340057636887607,457,194,263,9057,47,55,-9,431,101,88.47,10.28,23.43
2022-07,WH_NAG_01,349,282,20.12320916905444,433,206,227,8518,40,49,-79,431,101,80.8,9.24,23.43
2022-07,WH_PUN_01,343,303,19.932944606413994,436,226,210,8865,48,62,-10,431,101,88.34,11.01,23.43
2022-08,WH_BLR_01,346,292,20.99421965317919,439,222,217,8671,46,58,-8,460,94,84.39,10.48,20.43
2022-08,WH_CHN_01,332,287,19.596385542168676,412,185,227,8381,40,51,-21,460,94,86.45,9.71,20.43
2022-08,WH_DEL_01,378,323,19.06084656084656,405,196,209,8123,36,55,-59,460,94,85.45,8.89,20.43
2022-08,WH_MUM_01,383,326,20.634464751958223,445,215,230,8743,45,57,-10,460,94,85.12,10.11,20.43
2022-08,WH_NAG_01,360,303,20.252777777777776,432,193,239,7891,43,50,36,460,94,84.17,9.95,20.43
2022-08,WH_PUN_01,351,293,20.455840455840455,441,225,216,9117,53,64,49,460,94,83.48,12.02,20.43
2022-09,WH_BLR_01,365,303,20.473972602739725,418,195,223,7720,43,56,-30,442,102,83.01,10.29,23.08
2022-09,WH_CHN_01,362,308,20.632596685082873,402,185,217,7627,46,61,-75,442,102,85.08,11.44,23.08
2022-09,WH_DEL_01,299,250,20.712374581939798,414,202,212,8253,36,52,48,442,102,83.61,8.7,23.08
2022-09,WH_MUM_01,338,292,21.068047337278106,405,190,215,7888,43,51,-30,442,102,86.39,10.62,23.08
2022-09,WH_NAG_01,349,292,20.45272206303725,418,194,224,8139,48,61,-61,442,102,83.67,11.48,23.08
2022-09,WH_PUN_01,307,271,20.615635179153095,385,164,221,7977,47,60,-59,442,102,88.27,12.21,23.08
2022-10,WH_BLR_01,378,310,19.32010582010582,450,201,249,8793,40,54,-12,449,114,82.01,8.89,25.39
2022-10,WH_CHN_01,384,328,20.9921875,443,214,229,8994,39,48,-60,449,114,85.42,8.8,25.39
2022-10,WH_DEL_01,320,281,20.165625,414,202,212,8350,35,50,-88,449,114,87.81,8.45,25.39
2022-10,WH_MUM_01,381,316,19.84776902887139,407,195,212,7949,38,50,35,449,114,82.94,9.34,25.39
2022-10,WH_NAG_01,342,292,19.695906432748536,412,200,212,7895,42,50,-6,449,114,85.38,10.19,25.39
2022-10,WH_PUN_01,303,261,21.31023102310231,450,224,226,9238,41,54,-28,449,114,86.14,9.11,25.39
2022-11,WH_BLR_01,367,317,20.757493188010898,467,214,253,9084,51,63,45,433,93,86.38,10.92,21.48
2022-11,WH_CHN_01,363,299,19.84297520661157,394,180,214,7689,55,69,54,433,93,82.37,13.96,21.48
2022-11,WH_DEL_01,339,279,19.91740412979351,394,178,216,7729,42,51,-39,433,93,82.3,10.66,21.48
2022-11,WH_MUM_01,314,262,20.480891719745223,405,200,205,8054,50,59,-40,433,93,83.44,12.35,21.48
2022-11,WH_NAG_01,356,310,19.879213483146067,408,193,215,7988,47,57,-106,433,93,87.08,11.52,21.48
2022-11,WH_PUN_01,285,236,20.32280701754386,453,209,244,8955,38,49,-23,433,93,82.81,8.39,21.48
2022-12,WH_BLR_01,335,285,19.785074626865672,420,218,202,8190,42,53,5,412,103,85.07,10.0,25.0
2022-12,WH_CHN_01,354,304,20.875706214689266,447,230,217,8405,58,63,-42,412,103,85.88,12.98,25.0
2022-12,WH_DEL_01,330,279,19.818181818181817,408,215,193,8072,35,45,-23,412,103,84.55,8.58,25.0
2022-12,WH_MUM_01,335,288,20.262686567164177,427,207,220,8343,32,42,1,412,103,85.97,7.49,25.0
2022-12,WH_NAG_01,342,283,20.704678362573098,485,218,267,9206,49,63,40,412,103,82.75,10.1,25.0
2022-12,WH_PUN_01,367,304,20.645776566757494,437,218,219,8674,40,53,-25,412,103,82.83,9.15,25.0
2023-01,WH_BLR_01,326,288,21.033742331288344,423,216,207,8406,36,43,-8,441,102,88.34,8.51,23.13
2023-01,WH_CHN_01,353,292,19.89801699716714,429,200,229,8100,49,61,-32,441,102,82.72,11.42,23.13
2023-01,WH_DEL_01,331,284,20.583081570996978,437,223,214,8873,48,58,-43,441,102,85.8,10.98,23.13
2023-01,WH_MUM_01,338,284,19.997041420118343,411,196,215,8339,31,42,-55,441,102,84.02,7.54,23.13
2023-01,WH_NAG_01,363,318,19.14876033057851,417,181,236,8195,50,64,-18,441,102,87.6,11.99,23.13
2023-01,WH_PUN_01,351,302,20.116809116809115,368,169,199,7217,39,53,-35,441,102,86.04,10.6,23.13
2023-02,WH_BLR_01,325,264,20.09846153846154,389,177,212,7525,41,48,60,377,96,81.23,10.54,25.46
2023-02,WH_CHN_01,294,242,20.095238095238095,380,182,198,7409,30,40,3,377,96,82.31,7.89,25.46
2023-02,WH_DEL_01,315,273,19.685714285714287,407,202,205,7870,40,50,28,377,96,86.67,9.83,25.46
2023-02,WH_MUM_01,282,242,19.95035460992908,400,196,204,7545,42,50,-15,377,96,85.82,10.5,25.46
2023-02,WH_NAG_01,318,267,19.669811320754718,374,192,182,7231,39,50,-41,377,96,83.96,10.43,25.46
2023-02,WH_PUN_01,335,287,20.32537313432836,358,170,188,7230,29,39,-4,377,96,85.67,8.1,25.46
2023-03,WH_BLR_01,363,311,19.03305785123967,413,206,207,8248,39,56,74,439,77,85.67,9.44,17.54
2023-03,WH_CHN_01,366,321,20.636612021857925,410,201,209,8166,48,60,-51,439,77,87.7,11.71,17.54
2023-03,WH_DEL_01,342,287,21.304093567251464,431,208,223,8526,36,44,-41,439,77,83.92,8.35,17.54
2023-03,WH_MUM_01,349,297,19.81948424068768,422,192,230,8211,40,47,5,439,77,85.1,9.48,17.54
2023-03,WH_NAG_01,382,321,20.638743455497384,429,210,219,8291,43,55,37,439,77,84.03,10.02,17.54
2023-03,WH_PUN_01,329,284,20.416413373860184,399,188,211,8086,39,47,-11,439,77,86.32,9.77,17.54
2023-04,WH_BLR_01,340,294,20.341176470588234,426,179,247,8525,42,59,-11,400,73,86.47,9.86,18.25
2023-04,WH_CHN_01,343,285,20.279883381924197,433,202,231,8515,43,53,-93,400,73,83.09,9.93,18.25
2023-04,WH_DEL_01,352,295,20.272727272727273,418,188,230,8493,48,64,-3,400,73,83.81,11.48,18.25
2023-04,WH_MUM_01,332,280,20.487951807228917,369,182,187,7240,27,41,23,400,73,84.34,7.32,18.25
2023-04,WH_NAG_01,321,265,19.669781931464176,403,186,217,7900,39,47,30,400,73,82.55,9.68,18.25
2023-04,WH_PUN_01,345,301,20.043478260869566,404,182,222,7838,39,50,-9,400,73,87.25,9.65,18.25
2023-05,WH_BLR_01,345,299,20.055072463768116,472,225,247,9053,40,50,39,467,112,86.67,8.47,23.98
2023-05,WH_CHN_01,354,305,20.449152542372882,434,207,227,8767,56,68,-9,467,112,86.16,12.9,23.98
2023-05,WH_DEL_01,321,268,19.42367601246106,421,198,223,8168,56,67,-37,467,112,83.49,13.3,23.98
2023-05,WH_MUM_01,378,310,19.896825396825395,435,203,232,8665,58,70,-54,467,112,82.01,13.33,23.98
2023-05,WH_NAG_01,365,318,19.265753424657536,457,226,231,9200,35,45,17,467,112,87.12,7.66,23.98
2023-05,WH_PUN_01,350,300,21.257142857142856,406,202,204,8130,44,53,21,467,112,85.71,10.84,23.98
2023-06,WH_BLR_01,350,299,19.542857142857144,416,207,209,7814,40,54,15,410,80,85.43,9.62,19.51
2023-06,WH_CHN_01,359,301,21.091922005571032,403,205,198,8016,45,56,-33,410,80,83.84,11.17,19.51
2023-06,WH_DEL_01,352,302,20.90909090909091,365,187,178,7135,43,53,54,410,80,85.8,11.78,19.51
2023-06,WH_MUM_01,329,272,19.73860182370821,436,226,210,8985,43,59,-18,410,80,82.67,9.86,19.51
2023-06,WH_NAG_01,328,286,19.679878048780488,409,208,201,7743,47,57,-13,410,80,87.2,11.49,19.51
2023-06,WH_PUN_01,351,305,20.34188034188034,409,190,219,8325,36,46,16,410,80,86.89,8.8,19.51
2023-07,WH_BLR_01,387,323,19.746770025839794,437,214,223,8456,52,68,-100,428,103,83.46,11.9,24.07
2023-07,WH_CHN_01,366,309,21.439890710382514,409,193,216,8073,36,41,-29,428,103,84.43,8.8,24.07
2023-07,WH_DEL_01,344,291,20.1453488372093,422,196,226,8226,32,43,-2,428,103,84.59,7.58,24.07
2023-07,WH_MUM_01,328,281,21.298780487804876,416,206,210,8428,46,54,-12,428,103,85.67,11.06,24.07
2023-07,WH_NAG_01,357,302,20.00280112044818,415,187,228,8266,43,59,-118,428,103,84.59,10.36,24.07
2023-07,WH_PUN_01,344,299,20.040697674418606,377,171,206,7331,29,37,-9,428,103,86.92,7.69,24.07
2023-08,WH_BLR_01,363,312,19.429752066115704,446,220,226,8634,53,61,6,432,87,85.95,11.88,20.14
2023-08,WH_CHN_01,384,329,20.984375,417,207,210,8384,35,45,4,432,87,85.68,8.39,20.14
2023-08,WH_DEL_01,372,322,19.997311827956988,426,203,223,8463,35,49,-31,432,87,86.56,8.22,20.14
2023-08,WH_MUM_01,344,293,20.00872093023256,431,205,226,8399,46,55,3,432,87,85.17,10.67,20.14
2023-08,WH_NAG_01,343,292,20.612244897959183,425,204,221,8076,38,49,-60,432,87,85.13,8.94,20.14
2023-08,WH_PUN_01,383,334,20.219321148825067,388,193,195,7507,52,64,-114,432,87,87.21,13.4,20.14
2023-09,WH_BLR_01,346,282,20.90751445086705,428,206,222,8389,42,52,-26,396,87,81.5,9.81,21.97
2023-09,WH_CHN_01,330,282,20.124242424242425,375,185,190,7426,51,65,-47,396,87,85.45,13.6,21.97
2023-09,WH_DEL_01,356,298,19.18258426966292,399,186,213,7704,35,45,-43,396,87,83.71,8.77,21.97
2023-09,WH_MUM_01,339,280,20.59882005899705,430,197,233,8149,36,46,-55,396,87,82.6,8.37,21.97
2023-09,WH_NAG_01,372,324,19.887096774193548,426,194,232,8101,40,52,-30,396,87,87.1,9.39,21.97
2023-09,WH_PUN_01,340,283,19.93235294117647,420,216,204,8220,45,53,0,396,87,83.24,10.71,21.97
2023-10,WH_BLR_01,397,340,20.022670025188916,411,204,207,8125,45,59,-33,458,113,85.64,10.95,24.67
2023-10,WH_CHN_01,342,293,20.476608187134502,411,180,231,7910,49,64,-29,458,113,85.67,11.92,24.67
2023-10,WH_DEL_01,383,323,20.618798955613578,419,194,225,8248,49,55,-43,458,113,84.33,11.69,24.67
2023-10,WH_MUM_01,344,287,19.0203488372093,384,201,183,7557,42,49,-56,458,113,83.43,10.94,24.67
2023-10,WH_NAG_01,349,290,19.76790830945559,428,197,231,8494,47,57,-31,458,113,83.09,10.98,24.67
2023-10,WH_PUN_01,333,279,20.366366366366368,406,187,219,7979,33,37,-35,458,113,83.78,8.13,24.67
2023-11,WH_BLR_01,353,283,20.18413597733711,371,177,194,7304,47,54,-39,441,81,80.17,12.67,18.37
2023-11,WH_CHN_01,313,264,19.511182108626198,393,189,204,7802,34,51,6,441,81,84.35,8.65,18.37
2023-11,WH_DEL_01,352,292,20.085227272727273,449,198,251,8760,34,45,2,441,81,82.95,7.57,18.37
2023-11,WH_MUM_01,348,304,20.014367816091955,388,173,215,7603,39,50,2,441,81,87.36,10.05,18.37
2023-11,WH_NAG_01,358,308,20.44413407821229,389,207,182,7604,47,56,26,441,81,86.03,12.08,18.37
2023-11,WH_PUN_01,358,312,20.42737430167598,397,196,201,7799,43,56,15,441,81,87.15,10.83,18.37
2023-12,WH_BLR_01,366,313,20.401639344262296,451,225,226,8636,52,63,17,440,106,85.52,11.53,24.09
2023-12,WH_CHN_01,364,312,20.167582417582416,383,186,197,7444,41,51,1,440,106,85.71,10.7,24.09
2023-12,WH_DEL_01,374,316,20.63903743315508,445,221,224,8830,32,47,43,440,106,84.49,7.19,24.09
2023-12,WH_MUM_01,376,315,20.835106382978722,491,217,274,9654,54,66,1,440,106,83.78,11.0,24.09
2023-12,WH_NAG_01,367,315,20.049046321525886,436,211,225,8218,42,55,-56,440,106,85.83,9.63,24.09
2023-12,WH_PUN_01,369,321,20.66937669376694,442,225,217,8607,49,59,-16,440,106,86.99,11.09,24.09
2024-01,WH_BLR_01,344,299,20.308139534883722,418,188,230,8428,41,49,33,401,87,86.92,9.81,21.7
2024-01,WH_CHN_01,341,287,20.607038123167154,392,191,201,7886,34,42,-25,401,87,84.16,8.67,21.7
2024-01,WH_DEL_01,319,265,20.357366771159874,437,229,208,8629,43,53,75,401,87,83.07,9.84,21.7
2024-01,WH_MUM_01,369,310,19.504065040650406,384,177,207,7892,38,45,-70,401,87,84.01,9.9,21.7
2024-01,WH_NAG_01,376,316,19.361702127659573,397,181,216,7920,41,51,-46,401,87,84.04,10.33,21.7
2024-01,WH_PUN_01,359,298,20.384401114206128,387,187,200,7476,43,47,-5,401,87,83.01,11.11,21.7
2024-02,WH_BLR_01,380,323,19.99473684210526,400,205,195,7479,43,52,12,365,88,85.0,10.75,24.11
2024-02,WH_CHN_01,304,256,19.17105263157895,384,174,210,7540,34,45,-22,365,88,84.21,8.85,24.11
2024-02,WH_DEL_01,292,252,19.921232876712327,450,204,246,8640,44,55,-37,365,88,86.3,9.78,24.11
2024-02,WH_MUM_01,338,290,20.61242603550296,413,202,211,8196,45,65,-25,365,88,85.8,10.9,24.11
2024-02,WH_NAG_01,316,259,18.617088607594937,402,180,222,7914,42,56,30,365,88,81.96,10.45,24.11
2024-02,WH_PUN_01,301,257,20.45514950166113,353,170,183,6729,39,49,-26,365,88,85.38,11.05,24.11
2024-03,WH_BLR_01,354,292,19.742937853107346,389,188,201,7531,49,59,-54,475,103,82.49,12.6,21.68
2024-03,WH_CHN_01,351,298,19.4017094017094,442,205,237,8686,47,57,-97,475,103,84.9,10.63,21.68
2024-03,WH_DEL_01,355,295,20.169014084507044,440,197,243,8774,41,50,-118,475,103,83.1,9.32,21.68
2024-03,WH_MUM_01,355,304,20.222535211267605,412,183,229,8246,36,47,-31,475,103,85.63,8.74,21.68
2024-03,WH_NAG_01,325,272,21.052307692307693,396,173,223,7490,44,53,12,475,103,83.69,11.11,21.68
2024-03,WH_PUN_01,357,302,20.41736694677871,399,176,223,7685,35,45,-30,475,103,84.59,8.77,21.68
2024-04,WH_BLR_01,354,296,20.268361581920903,421,203,218,8602,37,48,-60,421,84,83.62,8.79,19.95
2024-04,WH_CHN_01,353,309,20.291784702549574,389,171,218,7702,38,50,24,421,84,87.54,9.77,19.95
2024-04,WH_DEL_01,357,296,20.66386554621849,411,211,200,7971,42,49,-18,421,84,82.91,10.22,19.95
2024-04,WH_MUM_01,330,285,20.033333333333335,392,183,209,7550,31,48,-36,421,84,86.36,7.91,19.95
2024-04,WH_NAG_01,326,285,20.426380368098158,407,211,196,8003,43,53,-7,421,84,87.42,10.57,19.95
2024-04,WH_PUN_01,325,273,20.45230769230769,395,215,180,7611,26,41,14,421,84,84.0,6.58,19.95
2024-05,WH_BLR_01,337,278,19.9080118694362,409,187,222,7884,38,57,22,456,100,82.49,9.29,21.93
2024-05,WH_CHN_01,365,312,19.45205479452055,394,196,198,7474,29,39,6,456,100,85.48,7.36,21.93
2024-05,WH_DEL_01,351,292,20.444444444444443,390,197,193,7817,43,51,2,456,100,83.19,11.03,21.93
2024-05,WH_MUM_01,362,313,20.027624309392266,429,218,211,8468,40,46,-51,456,100,86.46,9.32,21.93
2024-05,WH_NAG_01,394,347,19.621827411167512,435,210,225,8253,34,41,-22,456,100,88.07,7.82,21.93
2024-05,WH_PUN_01,357,310,20.719887955182074,413,211,202,8098,36,39,-38,456,100,86.83,8.72,21.93
2024-06,WH_BLR_01,315,275,20.215873015873015,410,193,217,7556,39,51,-20,448,95,87.3,9.51,21.21
2024-06,WH_CHN_01,332,266,20.93975903614458,425,215,210,8171,50,59,-93,448,95,80.12,11.76,21.21
2024-06,WH_DEL_01,342,276,20.751461988304094,410,198,212,8256,35,45,21,448,95,80.7,8.54,21.21
2024-06,WH_MUM_01,349,294,19.845272206303726,405,206,199,8074,30,42,-56,448,95,84.24,7.41,21.21
2024-06,WH_NAG_01,347,292,19.827089337175792,433,210,223,8258,45,47,139,448,95,84.15,10.39,21.21
2024-06,WH_PUN_01,353,303,20.592067988668557,402,190,212,8156,37,51,-21,448,95,85.84,9.2,21.21
2024-07,WH_BLR_01,383,320,21.362924281984334,417,209,208,8092,44,57,-90,424,70,83.55,10.55,16.51
2024-07,WH_CHN_01,338,292,20.032544378698226,378,180,198,7569,46,58,-60,424,70,86.39,12.17,16.51
2024-07,WH_DEL_01,354,310,20.09039548022599,421,187,234,8568,44,50,8,424,70,87.57,10.45,16.51
2024-07,WH_MUM_01,366,313,20.103825136612024,425,225,200,8263,41,54,-14,424,70,85.52,9.65,16.51
2024-07,WH_NAG_01,355,294,19.23098591549296,408,204,204,8006,42,49,-12,424,70,82.82,10.29,16.51
2024-07,WH_PUN_01,351,291,19.544159544159545,434,192,242,8643,35,48,-21,424,70,82.91,8.06,16.51
2024-08,WH_BLR_01,306,253,19.130718954248366,453,200,253,8970,51,65,62,434,96,82.68,11.26,22.12
2024-08,WH_CHN_01,339,296,20.309734513274336,404,209,195,8076,38,50,28,434,96,87.32,9.41,22.12
2024-08,WH_DEL_01,376,321,19.85904255319149,378,180,198,7359,29,44,-44,434,96,85.37,7.67,22.12
2024-08,WH_MUM_01,371,322,20.587601078167115,441,211,230,8984,33,48,30,434,96,86.79,7.48,22.12
2024-08,WH_NAG_01,333,275,20.21021021021021,430,218,212,8379,48,59,-48,434,96,82.58,11.16,22.12
2024-08,WH_PUN_01,355,297,20.11830985915493,446,209,237,8908,52,67,-47,434,96,83.66,11.66,22.12
2024-09,WH_BLR_01,360,297,19.794444444444444,416,194,222,7990,38,54,-63,397,100,82.5,9.13,25.19
2024-09,WH_CHN_01,356,289,19.640449438202246,401,188,213,7685,39,45,-53,397,100,81.18,9.73,25.19
2024-09,WH_DEL_01,348,302,21.336206896551722,390,181,209,7648,32,40,-63,397,100,86.78,8.21,25.19
2024-09,WH_MUM_01,328,285,19.990853658536587,409,188,221,8055,38,47,-26,397,100,86.89,9.29,25.19
2024-09,WH_NAG_01,371,313,19.587601078167115,380,199,181,7328,36,45,37,397,100,84.37,9.47,25.19
2024-09,WH_PUN_01,344,298,20.497093023255815,401,207,194,7563,44,56,55,397,100,86.63,10.97,25.19
2024-10,WH_BLR_01,349,297,20.54727793696275,463,229,234,8835,42,49,10,403,87,85.1,9.07,21.59
2024-10,WH_CHN_01,344,294,20.70639534883721,414,197,217,8124,53,69,61,403,87,85.47,12.8,21.59
2024-10,WH_DEL_01,368,320,19.86413043478261,438,202,236,8699,34,46,-7,403,87,86.96,7.76,21.59
2024-10,WH_MUM_01,358,311,20.027932960893853,413,195,218,8177,41,55,-12,403,87,86.87,9.93,21.59
2024-10,WH_NAG_01,371,318,19.851752021563343,448,215,233,8064,50,59,59,403,87,85.71,11.16,21.59
2024-10,WH_PUN_01,312,267,20.689102564102566,456,208,248,8863,51,62,-25,403,87,85.58,11.18,21.59
2024-11,WH_BLR_01,321,282,19.130841121495326,385,187,198,7531,48,54,-37,432,90,87.85,12.47,20.83
2024-11,WH_CHN_01,347,294,20.80115273775216,435,219,216,8687,41,52,-76,432,90,84.73,9.43,20.83
2024-11,WH_DEL_01,322,272,20.6055900621118,437,219,218,8709,41,53,-62,432,90,84.47,9.38,20.83
2024-11,WH_MUM_01,350,288,20.12857142857143,434,195,239,8447,53,69,-8,432,90,82.29,12.21,20.83
2024-11,WH_NAG_01,331,281,19.915407854984895,432,216,216,7993,41,55,-34,432,90,84.89,9.49,20.83
2024-11,WH_PUN_01,336,275,20.19047619047619,405,191,214,8037,34,43,-22,432,90,81.85,8.4,20.83
2024-12,WH_BLR_01,390,324,20.602564102564102,432,189,243,8235,45,53,39,428,109,83.08,10.42,25.47
2024-12,WH_CHN_01,360,307,20.719444444444445,418,209,209,8104,38,50,-114,428,109,85.28,9.09,25.47
2024-12,WH_DEL_01,357,307,20.243697478991596,446,223,223,8417,52,63,-12,428,109,85.99,11.66,25.47
2024-12,WH_MUM_01,304,261,20.667763157894736,411,210,201,7645,39,51,20,428,109,85.86,9.49,25.47
2024-12,WH_NAG_01,358,304,19.860335195530727,423,185,238,8058,38,51,65,428,109,84.92,8.98,25.47
2024-12,WH_PUN_01,327,279,20.483180428134556,456,218,238,8743,37,51,-12,428,109,85.32,8.11,25.47
